{
"Afghanistan":"Afganistanas",
"Algeria":"Alžyras",
"Abkhazia":"Abchazija",
"Alabama":"Alabama",
"Albania":"Albanija",
"Algeria_Central":"Alžyras – Centras",
"Andorra":"Andora",
"Algeria_Coast":"Alžyras – Šiaurė",
"Angola":"Angola",
"Antarctica":"Antarktida",
"Austria":"Austrija",
"Bulgaria":"Bulgarija",
"Estonia":"Estija",
"Finland":"Suomija",
"Hungary":"Vengrija",
"India":"Indija",
"Ireland":"Airija",
"Italy":"Italija",
"Nauru":"Naurų",
"Poland":"Lenkija",
"Romania":"Rumunija",
"Slovakia":"Slovakija",
"Slovenia":"Slovėnija",
"Tokelau":"Tokelau",
"United States of America Short":"USA",
"United Kingdom Short":"JK",
"Czech Republic Short":"Čekija",
"Australia":"Australija",
"Belgium":"Belgija",
"Canada":"Kanada",
"Cyprus":"Kipras",
"France":"Prancūzija",
"France_Midi-Pyrenees_Lot":"Lo",
"Germany":"Vokietija",
"Latvia":"Latvija",
"Lithuania":"Lietuva",
"Tokelau Description":"Tokelau",
"Japan":"Japonija",
"Luxembourg":"Liuksemburgas",
"Croatia":"Kroatija",
"Denmark":"Danija",
"Greece":"Graikija",
"Malta":"Malta",
"Netherlands":"Nyderlandai",
"Portugal":"Portugalija",
"Russian Federation":"Rusija",
"Spain":"Ispanija",
"Sweden":"Švedija",
"Tuvalu":"Tuvalu",
"US_Delaware":"Delavarų",
"US_Pennsylvania_Reading":"Skaitomas",
"United Kingdom":"Jungtinė Karalystė",
"Armenia":"Armėnija",
"Azerbaijan":"Azerbaidžanas",
"Italy_Lombardy":"Lombardija",
"Jamaica":"Jamaika",
"Spain_Extremadura":"Ispanų kalbos Ekstremadūros tarmė",
"US_Georgia":"Georgian",
"Spain_Galicia_North Short":"Galisų",
"Azerbaijan Region":"Azerbaidžanas",
"Bolivia":"Bolivija",
"Canada_Ontario_Bame":"Baris",
"France_Corsica":"Korsika",
"Georgia Region":"Sakartvelas",
"Georgia":"Sakartvelas",
"Indiana":"Indiana",
"Spain_Galicia":"Galisija",
"Spain_Galicia_South Short":"Galisų",
"Ethiopia":"Etiopija",
"Germany_Free State of Bavaria":"Bavarija",
"Italy_Liguria":"Ligūrija",
"Italy_Sardinia":"Sardinija",
"Malaysia":"Malaysian",
"Mongolia":"Mongolų",
"Pakistan":"Pakistano",
"Serbia":"Serbų",
"Somalia":"Somaliečių",
"India_Gujarat":"Gudžaratas",
"India_Manipur":"Manipuras",
"India_Punjab":"Pandžabas",
"India_Rajasthan":"Radžastanas",
"Indonesia":"Indonezija",
"Anguilla":"Angilija",
"Antigua and Barbuda":"Antigva ir Barbuda",
"Argentina":"Argentina",
"Bahrain":"Bahreinas",
"Bangladesh":"Bangladešas",
"Belize":"Belizas",
"Benin":"Beninas",
"Bermuda":"Bermuda",
"Bhutan":"Butanas",
"Bosnia and Herzegovina":"Bosnija ir Hercogovina",
"Botswana":"Botsvana",
"Brazil":"Brazilija",
"British Indian Ocean Territory":"Indijos Vandenyno Britų sritis",
"Burkina Faso":"Burkina Fasas",
"Cambodia":"Kambodža",
"Cape Verde":"Žaliasis Kyšulys",
"Cayman Islands":"Kaimanų salos",
"Colombia":"Kolumbija",
"Comoros":"Komorai",
"Congo-Kinshasa":"Kongo Demokratinė Respublika",
"Cook Islands":"Kuko salos",
"Cuba":"Kuba",
"Czech Republic":"Čekija",
"Djibouti":"Džibutis",
"Dominica":"Dominika",
"Ecuador":"Ekvadoras",
"Egypt":"Egiptas",
"Fiji":"Fidžis",
"France_French Guiana":"Prancūzijos Gviana",
"France_New Caledonia":"Naujoji Kaledonija",
"Gabon":"Gabonas",
"Ghana":"Gana",
"Gibraltar":"Gibraltaras",
"Greenland":"Grenlandija",
"Honduras":"Hondūras",
"Iceland":"Islandija",
"India_Goa":"Goa",
"Iraq":"Irakas",
"Isle of Man":"Meno sala",
"Israel":"Izraelis",
"Israel Region":"Izraelis",
"Jersey":"Džersis",
"Jordan":"Jordanija",
"Kazakhstan":"Kazachstanas",
"Kenya":"Kenija",
"Kingdom of Lesotho":"Lesotas",
"Kiribati":"Kiribati",
"Kuwait":"Kuveitas",
"Kyrgyzstan":"Kirgizija",
"Lebanon":"Libanas",
"Liberia":"Liberija",
"Libya":"Libija",
"Malawi":"Malavis",
"Maldives":"Maldyvai",
"Mauritius":"Mauricijus",
"Mexico":"Meksika",
"Monaco":"Monakas",
"Montenegro":"Juodkalnija",
"Montserrat":"Montserratas",
"Morocco":"Marokas",
"Morocco_Western Sahara":"Vakarų Sachara",
"Mozambique":"Mozambikas",
"Myanmar":"Mianmaras",
"Namibia":"Namibija",
"Nepal":"Nepalas",
"New Zealand":"Naujoji Zelandija",
"Nicaragua":"Nikaragva",
"Niue":"Niuue",
"Norway":"Norvegija",
"Norway_Bouvet Island":"Bouveto sala",
"Panama":"Panama",
"Pitcairn Islands":"Pitcairnas",
"Qatar":"Kataras",
"Rwanda":"Ruanda",
"Saint Kitts and Nevis":"Saint Kitts ir Nevis",
"Saint Lucia":"Saint Lucia",
"Samoa":"Samoa",
"Saudi Arabia":"Saudo Arabija",
"Solomon Islands":"Saliamono salos",
"South Africa":"Pietų Afrika",
"South Sudan":"Pietų Sudanas",
"Sri Lanka":"Šri Lanka",
"Switzerland":"Šveicarija",
"Taiwan":"Taivanas",
"Tajikistan":"Tadžikistanas",
"Thailand":"Tailandas",
"Trinidad and Tobago":"Trinidadas ir Tobagas",
"Tunisia":"Tunisas",
"Turkey":"Turkija",
"Turkmenistan":"Turkmėnistanas",
"US_Guam":"Guamas",
"US_Puerto Rico":"Puerto Rikas",
"Uganda":"Uganda",
"Ukraine":"Ukraina",
"United Arab Emirates":"Jungtiniai Arabų Emyratai",
"United States of America":"Jungtinės Amerikos Valstijos",
"Uruguay":"Urugvajus",
"Uzbekistan":"Uzbekistanas",
"Vanuatu":"Vanuatu",
"Wallis and Futuna":"Wallis ir Futuna",
"Yemen":"Jemenas",
"Zambia":"Zambija",
"Zimbabwe":"Zimbabvė",
"Congo-Kinshasa Short":"Kongo",
"Barbados":"Barbadosas",
"Belarus":"Baltarusija",
"Burundi":"Burundis",
"Cameroon":"Kamerūnas",
"Central African Republic":"Centrinės Afrikos Respublika",
"Chad":"Čadas",
"Chile":"Čilė",
"Costa Rica":"Kosta Rika",
"Dominican Republic":"Dominikos Respublika",
"El Salvador":"Salvadoras",
"Equatorial Guinea":"Pusiaujo Gvinėja",
"Eritrea":"Eritrėja",
"Faroe Islands":"Farerų salos",
"French Polynesia":"Prancūzijos Polinezija",
"Grenada":"Grenada",
"Guadeloupe":"Gvadelupė",
"Guatemala":"Gvatemala",
"Guernsey":"Gernsey",
"Guinea":"Gvinėja",
"Guinea-Bissau":"Gvinėjos-Bisau",
"Guyana":"Gajana",
"Haiti":"Haitis",
"Liechtenstein":"Lichtenšteinas",
"Madagascar":"Madagaskaras",
"Mali":"Mali",
"Marshall Islands":"Maršalo salos",
"Martinique":"Martinika",
"Mauritania":"Mauritanija",
"Niger":"Nigeris",
"Nigeria":"Nigerija",
"Oman":"Omanas",
"Palau":"Palau",
"Papua New Guinea":"Papua Naujoji Gvinėja",
"Paraguay":"Paragvajus",
"People's Republic of China":"Kinija",
"Peru":"Peru",
"Philippines":"Filipinai",
"Saint Barthelemy":"Sent Bartolomėjus",
"Saint Helena Ascension and Tristan da Cunha":"Saint Helena, Ascension ir Tristan da Cunha",
"Saint Vincent and the Grenadines":"Šventasis Vincentas ir Grenadinai",
"San Marino":"San Marino",
"Senegal":"Senegalas",
"Seychelles":"Seišelės",
"Sierra Leone":"Siera Leonė",
"Singapore":"Singapūras",
"South Georgia and the South Sandwich Islands":"Pietų Džordžija ir Pietų sumuštinių salos",
"Sudan":"Sudanas",
"Suriname":"Surinamas",
"The Gambia":"Gambija",
"Togo":"Togo",
"Tonga":"Tonga",
"Turks and Caicos Islands":"Turkų ir Kaikoso salos",
"Austria_Lower Austria_West Description":"Mostviertel, Waldviertel",
"Argentina_Patagonia":"Patagonija",
"Belarus_Hrodna Region":"Gardino sritis",
"Belarus_Maglieu Region":"Mogiliavo sritis",
"Belarus_Brest Region":"Bresto sritis",
"Belarus_Homiel Region":"Gomelio sritis",
"Belarus_Minsk Region":"Minsko sritis",
"Belarus_Vitebsk Region":"Vitebsko sritis",
"North Korea":"Šiaurės Korėja",
"Argentina_Buenos Aires_North":"Buenos Airių provincija – šiaurė",
"Argentina_Buenos Aires_South":"Buenos Airių provincija – pietūs",
"Argentina_Cuyo":"Kujas",
"Argentina_Mesopotamia":"Mesopotamija",
"Argentina_Northwest":"Šiaurės vakarų Argentina",
"Argentina_Pampas":"Pampos",
"Arizona":"Arizona",
"Australia_Melbourne":"Melburnas",
"Australia_New South Wales":"Naujasis Pietų Velsas",
"Australia_Northern Territory":"Šiaurės teritorija",
"Australia_Queensland":"Kvynslandas",
"Australia_South Australia":"Pietų Australija",
"Australia_Tasmania":"Tasmanija",
"Australia_Victoria":"Viktorija",
"Australia_Western Australia":"Vakarų Australija",
"Austria_Burgenland":"Burgenlandas",
"Austria_Carinthia":"Karintija",
"Austria_Lower Austria_West":"Žemutinė Austrija – vakarai",
"Austria_Lower Austria_Wien":"Viena",
"Austria_Salzburg":"Zalcburgas",
"Austria_Styria":"Štirija",
"Austria_Tyrol":"Tirolis",
"Austria_Upper Austria":"Aukštutinė Austrija",
"Austria_Vorarlberg":"Forarlbergas",
"Belgium_Antwerp":"Antverpeno provincija",
"Belgium_East Flanders":"Rytų Flandrijos provincija",
"Belgium_Flemish Brabant":"Flamandų Brabanto provincija",
"Belgium_Hainaut":"Heno provincija",
"Belgium_Liege":"Lježo provincija",
"Belgium_Limburg":"Limburgo provincija",
"Belgium_Luxembourg":"Liuksemburgo provincija",
"Belgium_Namur":"Namiūro provincija",
"Belgium_Walloon Brabant":"Valonų Brabanto provincija",
"Belgium_West Flanders":"Vakarų Flandrijos provincija",
"Bolivia_North":"Bolivija – šiaurė",
"Bolivia_South":"Bolivija – pietūs",
"Bosnia and Herzegovina_Brcko district of Bosnia and Herzegowina":"Brčko apygarda",
"Bosnia and Herzegovina_Entity Federation of Bosnia and Herzegovina":"Bosnijos ir Hercegovinos federacija",
"Bosnia and Herzegovina_Republic of Srpska":"Serbų respublika",
"Brazil_Bahia":"Bahija",
"Brazil_Goias":"Gojasas",
"Brazil_Mato Grosso":"Mato Grosas",
"Brazil_Mato Grosso Do Sul":"Pietų Mato Grosas",
"Brazil_North Region":"Šiaurės regionas",
"Brazil_Northeast Region":"Šiaurės rytų regionas",
"Brazil_Paraiba":"Paraiba",
"Brazil_Parana":"Parana",
"Brazil_Rio Grande do Norte":"Šiaurės Rio Grandė",
"Brazil_Santa Catarina":"Santa Katarina",
"Brazil_South Region":"Pietų regionas",
"Brazil_Southeast Region_Espirito Santo":"Espirito Santas",
"Brazil_Southeast Region_Minas Gerais_Contagem":"Minas Žeraisas – Kontaženas",
"Brazil_Southeast Region_Minas Gerais_North":"Minas Žeraisas – šiaurė",
"Brazil_Southeast Region_Rio de Janeiro":"Rio de Žaneiras",
"Brazil_Southeast Region_Sao Paulo_Campinas":"San Paulas – Kampinasas",
"Brazil_Southeast Region_Sao Paulo_City":"San Paulas – Santosas",
"Brazil_Southeast Region_Sao Paulo_West":"San Paulas – Ribeiran Pretas",
"British Virgin Islands":"Jungtinės Karalystės Mergelių salos",
"Brunei":"Brunėjus",
"California":"Kalifornija",
"Cameroon_Central":"Kamerūnas – centrinis",
"Cameroon_West":"Kamerūnas – šiaurinis",
"Campo de Hielo Sur":"Pietų Patagonijos ledlaukis",
"Canada_Alberta":"Alberta",
"Canada_Alberta_Edmonton":"Edmontonas",
"Canada_Alberta_North":"Alberta – šiaurinė",
"Canada_Alberta_South":"Alberta – pietinė",
"Canada_British Columbia":"Britų Kolumbija",
"Canada_British Columbia_Central":"Britų Kolumbija – centrinė",
"Canada_British Columbia_Far_North":"Britų Kolumbija – rytinė",
"Canada_British Columbia_Islands":"Vankuverio sala",
"Canada_British Columbia_North":"Britų Kolumbija – vakarinė",
"Canada_British Columbia_Northeast":"Britų Kolumbija – šiaurinė",
"Canada_British Columbia_Southeast":"Kelouna",
"Canada_British Columbia_Vancouver":"Vankuveris",
"Canada_Labrador":"Labradoras",
"Canada_Nova Scotia_Halifax":"Halifaksas",
"Canada_Labrador_North":"Labradoras – šiaurinis",
"Canada_Labrador_South":"Labradoras – pietinis",
"Canada_Labrador_West":"Labradoras – vakarinis",
"Canada_Manitoba":"Manitoba",
"Canada_Manitoba_Northeast":"Manitoba – šiaurinė",
"Canada_Manitoba_Northwest":"Manitoba – vakarinė",
"Canada_Manitoba_South":"Brandonas",
"Canada_Manitoba_Winnipeg":"Vinipegas",
"Canada_New Brunswick":"Naujasis Bransvikas",
"Canada_Newfoundland":"Niufaundlandas",
"Canada_Newfoundland_East":"Niufaundlandas – rytinis",
"Canada_Newfoundland_North":"Niufaundlandas – šiaurinis",
"Canada_Newfoundland_South":"Niufaundlandas – pietinis",
"Canada_Newfoundland_West":"Niufaundlandas – vakarinis",
"Canada_Northwest Territories":"Šiaurės Vakarų teritorijos",
"Canada_Northwest Territories_East":"Šiaurės Vakarų teritorijos – rytinės",
"Canada_Northwest Territories_North":"Šiaurės Vakarų teritorijos – šiaurinės",
"Canada_Northwest Territories_Yellowknife":"Jelounaifas",
"Canada_Nova Scotia":"Naujoji Škotija",
"Canada_Nova Scotia_Sydney":"Sidnėjus",
"Canada_Nunavut":"Nunavutas",
"Canada_Nunavut_North":"Nunavutas – šiaurinis",
"Canada_Nunavut_South":"Nunavutas – pietinis",
"Chile_North":"Čilė – šiaurinė",
"Chile_South":"Čilė – pietinė",
"Canada_Ontario":"Ontarijas",
"Canada_Ontario_Kingston":"Kingstonas",
"Canada_Ontario_London":"Londonas",
"Canada_Ontario_Northeastern_Central":"Timinsas",
"Canada_Ontario_Northeastern_S":"Sadberis",
"Canada_Ontario_Northeastern_SE":"Nort Bėjus",
"Canada_Ontario_Northeastern_SW":"Su Sent Mari",
"Canada_Ontario_Northeastern_Wawa":"Vava",
"Canada_Ontario_Northern":"Tander Bėjus",
"Canada_Ontario_Northwestern":"Ontarijas – šiaurinis",
"Canada_Ontario_Toronto":"Torontas",
"Canada_Prince Edward Island":"Princo Edvardo sala",
"Canada_Quebec":"Kvebekas",
"Canada_Quebec_Quebec":"Kvebekas (miestas)",
"Canada_Quebek_Far North":"Kvebekas – šiaurinis",
"Canada_Quebek_Montreal":"Monrealis",
"Canada_Quebek_North":"Set Ilis",
"Canada_Quebek_Southeast_Rimouski":"Rimuski",
"Canada_Quebek_Southeast_Saguenay":"Sagenė",
"Canada_Quebek_West_Chibougamau":"Šibugamo",
"Canada_Quebek_West_Rouyn-Noranda":"Ruinas – Noranda",
"Canada_Saskatchewan":"Saskačevanas",
"Canada_Saskatchewan_North":"Saskačevanas – šiaurinis",
"Canada_Saskatchewan_South":"Saskačevanas – pietinis",
"Canada_Yukon":"Jukonas",
"Canada_Yukon_North":"Jukonas – šiaurinis",
"Canada_Yukon_Whitehorse":"Vaithorsas",
"Caribees":"Mažieji Antilai",
"Caribisch Nederland":"Aruba, Kiurasao ir Karibų Nyderlandai",
"Central Anatolia Region":"Centrinės Anatolijos regionas",
"China_Anhui":"Anhujus",
"China_Chongqing":"Čongčingas",
"China_Fujian":"Fudzianas",
"China_Gansu":"Gansu",
"China_Guangdong":"Guangdongas",
"China_Guangxi":"Guangsi džuangų autonominis rajonas",
"China_Guizhou":"Guidžou",
"China_Hebei":"Hebėjus",
"China_Heilongjiang":"Heilongdziangas",
"China_Henan":"Henanas",
"China_Hubei":"Hubėjus",
"China_Hunan":"Hunanas",
"China_Inner Mongolia":"Vidinė Mongolija",
"China_Jiangsu":"Dziangsu",
"China_Jiangxi":"Dziangsi",
"China_Jilin":"Dzilinas",
"China_Liaoning":"Liaoningas",
"China_Ningxia Hui":"Ningsios chuėjų autonominis rajonas",
"China_Qinghai":"Činghajus",
"China_Shaanxi":"Šaansi",
"China_Shandong":"Šandongas",
"China_Shanghai":"Šanchajus",
"China_Shanxi":"Šansi",
"China_Sichuan":"Sičuanas",
"China_Tibet Autonomous Region":"Tibeto autonominis rajonas",
"China_Xinjiang":"Sindziango Uigūrų autonominis rajonas",
"China_Yunnan":"Junanas",
"China_Zhejiang":"Džedziangas",
"Colombia_East":"Kolumbija – rytinė",
"Colombia_North":"Kolumbija – šiaurinė",
"Colombia_West":"Kolumbija – vakarinė",
"Czech_Stredni Cechy_East":"Vidurio Čekijos kraštas – rytinis",
"Colorado":"Koloradas",
"Congo-Brazzaville":"Kongo Respublika",
"Cote dIvoire":"Dramblio Kaulo Krantas",
"Crimea":"Krymo pusiasalis",
"Czech_Jihovychod_Jihomoravsky kraj":"Pietų Moravija",
"Czech_Jihovychod_Kraj Vysocina":"Vysočina",
"Czech_Jihozapad_Jihocesky kraj":"Pietų Čekijos kraštas",
"Czech_Jihozapad_Plzensky kraj":"Pilzeno kraštas",
"Czech_Karlovasky kraj":"Karlovi Varų kraštas",
"Czech_Moravskoslezsko":"Moravija-Silezija",
"Czech_Olomoucky kraj":"Olomouco kraštas",
"Czech_Praha":"Praha",
"Czech_Severovychod_Kralovehradecky kraj":"Hradec Kralovės kraštas",
"Czech_Severovychod_Liberecky kraj":"Libereco kraštas",
"Czech_Severovychod_Pardubicky kraj":"Pardubicių kraštas",
"Czech_Stredni Cechy_West":"Vidurio Čekijos kraštas – vakarinis",
"Czech_Ustecky kraj":"Ūsčio kraštas",
"Czech_Zlinsky Kraj":"Zlyno kraštas",
"Denmark_Capital Region of Denmark":"Sostinės regionas",
"Denmark_Central Denmark Region":"Vidurio Jutlandijos regionas",
"Denmark_North Denmark Region":"Šiaurės Jutlandijos regionas",
"Denmark_Region Zealand":"Zelandijos regionas",
"Denmark_Region of Southern Denmark":"Pietų Danijos regionas",
"East Timor":"Rytų Timoras",
"Estonia_East":"Estija – rytinė",
"Estonia_West":"Estija – vakarinė",
"Falkland Islands":"Folklando salos",
"Federated States of Micronesia":"Mikronezijos Federacinės Valstijos",
"Finland_Eastern Finland":"Rytų Suomija",
"Finland_Northern Finland":"Šiaurės Suomija",
"Finland_Southern Finland_Helsinki":"Pietų Suomija – Helsinkis",
"Finland_Southern Finland_Lappeenranta":"Pietų Suomija – Lapenranta",
"Finland_Southern Finland_West":"Pietvakarių Suomija",
"Finland_Western Finland":"Vakarų Suomija",
"Florida":"Florida",
"France_Alsace":"Elzasas",
"France_Alsace_Bas-Rhin":"Žemutinis Reinas",
"France_Alsace_Haut-Rhin":"Aukštutinis Reinas",
"France_Aquitaine":"Akvitanija",
"France_Brittany_Morbihan":"Morbihanas",
"France_Aquitaine_Dordogne":"Dordonė",
"France_Aquitaine_Gironde":"Žironda",
"France_Aquitaine_Landes":"Landai",
"France_Aquitaine_Lot-et-Garonne":"Lo ir Garona",
"France_Aquitaine_Pyrenees-Atlantiques":"Atlanto Pirėnai",
"France_Auvergne":"Overnė",
"France_Auvergne_Allier":"Aljė",
"France_Auvergne_Cantal":"Kantalis",
"France_Auvergne_Haute-Loire":"Aukštutinė Luara",
"France_Auvergne_Puy-de-Dome":"Piui de Domas",
"France_Brittany":"Bretanė",
"France_Brittany_Cotes-dArmor":"Kot d'Armoras",
"France_Brittany_Finistere":"Finisteras",
"France_Brittany_Ille-et-Vilaine":"Ilis ir Vilenas",
"France_Burgundy":"Burgundija",
"France_Burgundy_Cote-dOr":"Kot d'Oras",
"France_Burgundy_Nievre":"Njevras",
"France_Burgundy_Saone-et-Loire":"Sona ir Luara",
"France_Burgundy_Yonne":"Jonas",
"France_Centre-Val de Loire":"Luaros žemuma",
"France_Centre-Val de Loire_Cher":"Šeras",
"France_Centre-Val de Loire_Eure-et-Loir":"Eras ir Luaras",
"France_Centre-Val de Loire_Indre":"Endras",
"France_Centre-Val de Loire_Indre-et-Loire":"Endras ir Luara",
"France_Centre-Val de Loire_Loir-et-Cher":"Luaras ir Šeras",
"France_Centre-Val de Loire_Loiret":"Luarė",
"France_Champagne-Ardenne":"Šampanė-Ardėnai",
"France_Free County":"Franš Kontė",
"France_Ile-de-France":"Il de Fransas",
"France_Ile-de-France_Essonne":"Esonas",
"France_Ile-de-France_Hauts-de-Seine":"Aukštutinė Sena",
"France_Ile-de-France_Paris":"Paryžius",
"France_Ile-de-France_Seine-Saint-Denis":"Sena-Sen Deni",
"France_Ile-de-France_Seine-et-Marne":"Sena ir Marna",
"France_Ile-de-France_Val-dOise":"Uazos slėnis",
"France_Ile-de-France_Val-de-Marne":"Marnos slėnis",
"France_Ile-de-France_Yvelines":"Ivlinas",
"France_Languedoc-Roussillon":"Langedokas-Rusijonas",
"France_Languedoc-Roussillon_Aude":"Odas",
"France_Languedoc-Roussillon_Gard":"Garas",
"France_Languedoc-Roussillon_Herault":"Hero",
"France_Languedoc-Roussillon_Lozere":"Lozeras",
"France_Languedoc-Roussillon_Pyrenees-Orientales":"Rytų Pirėnai",
"France_Limousin":"Limuzenas",
"France_Lorraine":"Lotaringija",
"France_Lorraine_Meurthe-et-Moselle":"Mertas ir Mozelis",
"France_Lorraine_Meuse":"Mezas",
"France_Lorraine_Moselle":"Mozelis",
"France_Lorraine_Vosges":"Vogezai",
"France_Lower Normandy":"Žemutinė Normandija",
"France_Lower Normandy_Calvados":"Kalvadosas",
"France_Lower Normandy_Manche":"Manšas",
"France_Lower Normandy_Orne":"Ornas",
"France_Midi-Pyrenees":"Pietūs-Pirėnai",
"France_Midi-Pyrenees_Ariege":"Arježas",
"France_Midi-Pyrenees_Aveyron":"Averonas",
"France_Midi-Pyrenees_Gers":"Žeras",
"France_Midi-Pyrenees_Haute-Garonne":"Aukštutinė Garona",
"France_Midi-Pyrenees_Hautes-Pyrenees":"Aukštutiniai Pirėnai",
"France_Upper Normandy":"Aukštutinė Normandija",
"France_Midi-Pyrenees_Tarn":"Tarnas",
"France_Midi-Pyrenees_Tarn-et-Garonne":"Tarnas ir Garona",
"France_Nord-Pas-de-Calais":"Šiaurė-Pa de Kalė",
"France_Nord-Pas-de-Calais_Lille":"Lilis",
"France_Nord-Pas-de-Calais_Nord":"Šiaurė",
"France_Nord-Pas-de-Calais_Pas-de-Calais":"Pa de Kalė",
"France_Pays de la Loire":"Luaros kraštas",
"France_Pays de la Loire_Loire-Atlantique":"Atlanto Luara",
"France_Pays de la Loire_Maine-et-Loire":"Menas ir Luara",
"France_Pays de la Loire_Mayenne":"Majenas",
"France_Pays de la Loire_Sarthe":"Sartas",
"France_Pays de la Loire_Vendee":"Vandėja",
"France_Picardy":"Pikardija",
"France_Picardy_Aisne":"Ena",
"France_Picardy_Oise":"Uaza",
"France_Picardy_Somme":"Soma",
"France_Poitou-Charentes":"Puatu-Šarantos",
"France_Poitou-Charentes_Charente":"Šaranta",
"France_Poitou-Charentes_Charente-Maritime":"Pajūrio Šaranta",
"France_Poitou-Charentes_Deux-Sevres":"De Sevras",
"France_Poitou-Charentes_Vienne":"Vjenas",
"France_Provence-Alpes-Cote dAzur":"Provansas-Alpės-Žydrasis Krantas",
"France_Provence-Alpes-Cote dAzur_Alpes-de-Haute-Provence":"Aukštutinio Provanso Alpės",
"France_Provence-Alpes-Cote dAzur_Bouches-du-Rhone":"Ronos delta",
"France_Provence-Alpes-Cote dAzur_Hautes-Alpes":"Aukštutinės Alpės",
"France_Provence-Alpes-Cote dAzur_Maritime Alps":"Pajūrio Alpės",
"France_Provence-Alpes-Cote dAzur_Var":"Varas",
"France_Provence-Alpes-Cote dAzur_Vaucluse":"Vokliūzas",
"France_Rhone-Alpes":"Rona-Alpės",
"France_Rhone-Alpes_Ain":"Enas",
"France_Rhone-Alpes_Ardeche":"Ardešas",
"France_Rhone-Alpes_Drome":"Dromas",
"France_Rhone-Alpes_Haute-Savoie":"Aukštutinė Savoja",
"France_Rhone-Alpes_Isere":"Izeras",
"France_Rhone-Alpes_Loire":"Luara",
"France_Rhone-Alpes_Rhone":"Rona",
"France_Rhone-Alpes_Savoie":"Savoja",
"France_Southern Islands":"Prancūzijos Pietų ir Antarkties sritys",
"Canada_Ontario_Northeastern_North":"Mūs Fektoris",
"Germany_Baden-Wurttemberg":"Badenas-Viurtembergas",
"Germany_Baden-Wurttemberg_Regierungsbezirk Freiburg":"Breisgau Freiburgas",
"Germany_Baden-Wurttemberg_Regierungsbezirk Karlsruhe":"Karlsrūhė",
"Germany_Baden-Wurttemberg_Regierungsbezirk Stuttgart_Heilbronn":"Štutgartas – Heilbronas",
"Germany_Baden-Wurttemberg_Regierungsbezirk Stuttgart_Stuttgart":"Štutgartas – Štutgartas",
"Germany_Baden-Wurttemberg_Regierungsbezirk Tubingen":"Tiubingenas",
"Germany_Berlin":"Berlynas",
"Germany_Brandenburg_North":"Brandenburgas – Šiaurė",
"Germany_Brandenburg_South":"Brandenburgas – Pietūs",
"Germany_Free State of Bavaria_Lower Bavaria":"Žemutinė Bavarija",
"Germany_Free State of Bavaria_Lower Franconia":"Žemutinė Frankonija",
"Germany_Free State of Bavaria_Middle Franconia":"Vidurinė Frankonija",
"Germany_Free State of Bavaria_Swabia":"Švabija",
"Germany_Free State of Bavaria_Upper Bavaria_East":"Aukštutinė Bavarija – Rytai",
"Germany_Free State of Bavaria_Upper Bavaria_Ingolstadt":"Aukštutinė Bavarija – Ingolštatas",
"Germany_Free State of Bavaria_Upper Bavaria_Munchen":"Aukštutinė Bavarija – Miunchenas",
"Germany_Free State of Bavaria_Upper Franconia":"Aukštutinė Frankonija",
"Germany_Free State of Bavaria_Upper Palatinate":"Aukštutinis Pfalcas",
"Germany_Hamburg_main":"Hamburgas",
"Germany_Hesse":"Hesenas",
"Germany_Hesse_Regierungsbezirk Darmstadt":"Darmštatas",
"Germany_Hesse_Regierungsbezirk Giessen":"Gysenas",
"Germany_Hesse_Regierungsbezirk Kassel":"Kaselis",
"Germany_Lower Saxony":"Žemutinė Saksonija",
"Germany_Lower Saxony_Bremen_Bremen":"Brėmenas",
"Germany_Lower Saxony_Bremen_Munster":"Liuneburgas",
"Germany_Lower Saxony_Hannover":"Hanoveris",
"Germany_Lower Saxony_Oldenburg":"Oldenburgas",
"Germany_Mecklenburg-Vorpommern":"Meklenburgas-Pomeranija",
"Germany_North Rhine-Westphalia":"Šiaurės Reinas-Vestfalija",
"Germany_North Rhine-Westphalia_Regierungsbezirk Arnsberg_Arnsberg":"Arnsbergas – Arnsbergas",
"Germany_North Rhine-Westphalia_Regierungsbezirk Arnsberg_Dortmund":"Arnsbergas – Dortmundas",
"Germany_North Rhine-Westphalia_Regierungsbezirk Detmold":"Detmoldas",
"Germany_North Rhine-Westphalia_Regierungsbezirk Dusseldorf_Dusseldorf":"Diuseldorfas – Diuseldorfas",
"Germany_North Rhine-Westphalia_Regierungsbezirk Dusseldorf_Mulheim":"Diuseldorfas – Miulheimas prie Ruro",
"Germany_North Rhine-Westphalia_Regierungsbezirk Dusseldorf_Wesel":"Diuseldorfas – Vezelis",
"Germany_North Rhine-Westphalia_Regierungsbezirk Koln_Aachen":"Kelnas – Achenas",
"Germany_North Rhine-Westphalia_Regierungsbezirk Koln_Koln":"Kelnas – Kelnas",
"Germany_North Rhine-Westphalia_Regierungsbezirk Munster_Munster":"Miunsteris – Miunsteris",
"Germany_North Rhine-Westphalia_Regierungsbezirk Munster_Recklinghausen":"Miunsteris – Reklinghauzenas",
"Germany_Rhineland-Palatinate_Koblenz":"Reino kraštas-Pfalcas – Koblencas",
"Germany_Rhineland-Palatinate_South":"Reino kraštas-Pfalcas – Maincas",
"Germany_Saarland":"Saras",
"Germany_Saxony-Anhalt":"Saksonija-Anhaltas",
"Germany_Saxony_Dresden":"Saksonija – Dresdenas",
"Germany_Saxony_Leipzig":"Saksonija – Leipcigas",
"Germany_Schleswig-Holstein":"Šlėzvigas-Holšteinas",
"Germany_Thuringia":"Tiuringija",
"Greece_Decentralized Administration of Aegean":"Egėjas",
"Greece_Decentralized Administration of Attica":"Atika",
"Greece_Decentralized Administration of Crete":"Kreta",
"Greece_Decentralized Administration of Epirus - Western Macedonia":"Epyras ir Vakarų Makedonija",
"Greece_Decentralized Administration of Macedonia and Thrace":"Makedonija ir Trakija",
"Greece_Decentralized Administration of Thessaly - Central Greece":"Tesalija ir Vidurio Graikija",
"Greece_Decentralized Administration of West Greece":"Peloponesas",
"Hungary_Kozep-Magyarorszag":"Vidurio Vengrija",
"Hungary_Northern Great Plain":"Vengrija – Rytų",
"Hungary_Transdanubia":"Vengrija – Vakarų",
"Illinois":"Ilinojus",
"India_Andaman and Nicobar Islands":"Andamanų ir Nikobarų Salos",
"India_Andhra Pradesh":"Andra Pradešas",
"India_Arunachal Pradesh":"Arunačal Pradešas",
"India_Assam":"Asamas",
"India_Bihar":"Biharas",
"India_Chandigarh":"Čandygaras",
"India_Chhattisgarh":"Čatysgaras",
"India_Delhi":"Delis",
"India_Haryana":"Harijana",
"India_Himachal Pradesh":"Himačal Pradešas",
"India_Jammu and Kashmir":"Džamu ir Kašmyras",
"India_Jharkhand":"Džarkandas",
"India_Karnataka":"Karnataka",
"India_Kerala":"Kerala",
"India_Lakshadweep":"Lakšadvypas",
"India_Madhya Pradesh":"Madja Pradešas",
"India_Maharashtra":"Maharaštra",
"India_Meghalaya":"Megalaja",
"India_Mizoram":"Mizoramas",
"India_Nagaland":"Nagalandas",
"India_Odisha":"Odiša",
"India_Sikkim":"Sikimas",
"India_Tamil Nadu":"Tamil Nadu",
"India_Telangana":"Telangana",
"India_Tripura":"Tripura",
"India_Uttar Pradesh":"Utar Pradešas",
"India_Uttarakhand":"Utarkandas",
"India_West Bengal":"Vakarų Bengalija",
"Indonesia_Central":"Sulavesis, Kalimantanas",
"Indonesia_East":"Indonezija – Rytų",
"Indonesia_Jawa Barat":"Vakarų Java",
"Indonesia_Jawa Tengah":"Centrinė Java",
"Indonesia_Jawa Timur":"Rytų Java",
"Indonesia_Nusa Tenggara":"Mažosios Sundos salos",
"Indonesia_West":"Sumatra",
"Iowa":"Ajova",
"Iran":"Iranas",
"Iran_North":"Iranas – Šiaurės",
"Iran_South":"Iranas – Pietų",
"Ireland_Connacht":"Konachtas",
"Ireland_Leinster":"Lensteris",
"Ireland_Munster":"Mansteris",
"Ireland_Northern Counties":"Alsteris",
"Italy_Abruzzo":"Abrucai",
"Italy_Aosta Valley":"Aostos slėnis",
"Italy_Apulia":"Apulija",
"Italy_Basilicata":"Bazilikata",
"Italy_Calabria":"Kalabrija",
"Italy_Campania":"Kampanija",
"Italy_Emilia":"Emilija-Romanija",
"Italy_Emilia-Romagna_Bologna":"Bolonijos provincija",
"Italy_Emilia-Romagna_Ferrara":"Feraros provincija",
"Italy_Emilia-Romagna_Forli-Cesena":"Forli-Čezenos provincija",
"Italy_Emilia-Romagna_Modena":"Modenos provincija",
"Italy_Emilia-Romagna_Parma":"Parmos provincija",
"Italy_Emilia-Romagna_Piacenza":"Pjačentos provincija",
"Italy_Emilia-Romagna_Ravenna":"Ravenos provincija",
"Italy_Emilia-Romagna_Reggio Emilia":"Emilijos Redžo provincija",
"Italy_Emilia-Romagna_Rimini":"Riminio provincija",
"Italy_Friuli":"Friulis-Venecija Džulija",
"Italy_Friuli-Venezia Giulia_Gorizia":"Goricijos provincija",
"Italy_Friuli-Venezia Giulia_Pordenone":"Pordenonės provincija",
"Italy_Friuli-Venezia Giulia_Trieste":"Triesto provincija",
"Italy_Friuli-Venezia Giulia_Udine":"Udinės provincija",
"Italy_Lazio":"Lacijus",
"Italy_Lombardy_Bergamo":"Bergamo provincija",
"Italy_Lombardy_Brescia":"Brešos provincija",
"Italy_Lombardy_Como":"Komo provincija",
"Italy_Lombardy_Cremona":"Kremonos provincija",
"Italy_Lombardy_Lecco":"Leko provincija",
"Italy_Lombardy_Lodi":"Lodžio provincija",
"Italy_Lombardy_Mantua":"Mantujos provincija",
"Italy_Lombardy_Milan":"Milano provincija",
"Italy_Lombardy_Monza and Brianza":"Mondzos ir Briandzos provincija",
"Italy_Lombardy_Pavia":"Pavijos provincija",
"Italy_Lombardy_Sondrio":"Sondrijaus provincija",
"Italy_Lombardy_Varese":"Varezės provincija",
"Italy_Marche":"Markė",
"Italy_Molise":"Molizė",
"Italy_Piemont":"Pjemontas",
"Italy_Piemont_Alessandria":"Alesandrijos provincija",
"Italy_Piemont_Asti":"Asčio provincija",
"Italy_Piemont_Biella":"Bjelos provincija",
"Italy_Piemont_Cuneo":"Kuneo provincija",
"Italy_Piemont_Novara":"Novaros provincija",
"Italy_Piemont_Torino":"Turino provincija",
"Italy_Piemont_Verbano-Cusio-Ossola":"Verbano-Kuzijo-Osolos provincija",
"Italy_Piemont_Vercelli":"Verčelio provincija",
"Italy_Sicily":"Sicilija",
"Italy_Trentino-Alto Adige Sudtirol":"Trentinas-Alto Adidžė",
"Italy_Tuscany_Grosseto":"Toskana – Pietryčių",
"Italy_Tuscany_Massa e Carrara":"Toskana – Šiaurės vakarų",
"Italy_Umbria":"Umbrija",
"Italy_Veneto":"Venetas",
"Italy_Veneto_Belluno":"Beluno provincija",
"Italy_Veneto_Padova":"Paduvos provincija",
"Italy_Veneto_Rovigo":"Rovigo provincija",
"Italy_Veneto_Treviso":"Trevizo provincija",
"Italy_Veneto_Venezia":"Venecijos provincija",
"Italy_Veneto_Verona":"Veronos provincija",
"Italy_Veneto_Vicenza":"Vičencos provincija",
"Netherlands_Drenthe":"Drentė",
"Netherlands_Flevoland":"Flevolandas",
"Netherlands_Friesland":"Fryzija",
"Netherlands_Groningen":"Groningenas",
"Netherlands_Limburg":"Limburgas",
"Moldova":"Moldova",
"Netherlands_Zeeland":"Zelandija",
"Mexico_California":"Žemutinė Kalifornija",
"Kansas":"Kanzasas",
"Kentucky":"Kentukis",
"Louisiana":"Luiziana",
"Minnesota":"Minesota",
"Missouri":"Misūris",
"New York":"Niujorkas",
"Mexico_Central_East":"Nuevo Leonas",
"Morocco_Doukkala-Abda":"Dukala–Abda",
"Jerusalem":"Jeruzalė",
"Maryland":"Merilandas",
"Japan_Chubu Region":"Čiūbu regionas",
"Japan_Chugoku Region":"Čiūgoku regionas",
"Japan_Hokkaido Region":"Hokaidas",
"Japan_Kinki Region":"Kansajo regionas",
"Japan_Kanto":"Kanto regionas",
"Japan_Shikoku Region":"Šikoku",
"Laos":"Laosas",
"Japan_Chubu Region_Aichi":"Aičio prefektūra",
"Japan_Chubu Region_Fukui":"Fukujo prefektūra",
"Japan_Chubu Region_Gifu":"Gifu prefektūra",
"Japan_Chubu Region_Ishikawa":"Išikavos prefektūra",
"Japan_Chubu Region_Nagano":"Nagano prefektūra",
"Japan_Chubu Region_Niigata":"Niigatos prefektūra",
"Japan_Chubu Region_Shizuoka":"Šidzuokos prefektūra",
"Japan_Chubu Region_Toyama":"Tojamos prefektūra",
"Japan_Chubu Region_Yamanashi":"Jamanašio prefektūra",
"Japan_Chugoku Region_Hiroshima":"Hirošimos prefektūra",
"Japan_Chugoku Region_Okayama":"Okajamos prefektūra",
"Japan_Chugoku Region_Shimane":"Šimanės prefektūra",
"Japan_Chugoku Region_Tottori":"Totorio prefektūra",
"Japan_Chugoku Region_Yamaguchi":"Jamagučio prefektūra",
"Japan_Hokkaido Region_East":"Hokaidas – rytinis",
"Japan_Hokkaido Region_North":"Hokaidas – šiaurinis",
"Japan_Hokkaido Region_West":"Hokaidas – vakarinis",
"Japan_Kanto_Chiba":"Čibos prefektūra",
"Japan_Kanto_Gunma":"Gunmos prefektūra",
"Japan_Kanto_Ibaraki":"Ibarakio prefektūra",
"Japan_Kanto_Kanagawa":"Kanagavos prefektūra",
"Japan_Kanto_Saitama":"Saitamos prefektūra",
"Japan_Kanto_Tochigi":"Točigio prefektūra",
"Japan_Kanto_Tokyo":"Tokijo prefektūra",
"Japan_Kinki Region_Mie":"Mijės prefektūra",
"Japan_Kinki Region_Nara":"Naros prefektūra",
"Japan_Kinki Region_Osaka":"Osakos prefektūra",
"Japan_Kinki Region_Wakayama":"Vakajamos prefektūra",
"Japan_Kyushu Region":"Kiūšiū",
"Japan_Kyushu Region_Fukuoka":"Fukuokos prefektūra",
"Japan_Kyushu Region_Kagoshima":"Kagošimos prefektūra",
"Japan_Kyushu Region_Kumamoto":"Kumamoto prefektūra",
"Japan_Kyushu Region_Miyazaki":"Mijadzakio prefektūra",
"Japan_Kyushu Region_Nagasaki":"Nagasakio prefektūra",
"Japan_Kyushu Region_Oita":"Oitos prefektūra",
"Japan_Kyushu Region_Okinawa":"Okinavos prefektūra",
"Japan_Kyushu Region_Saga":"Sagos prefektūra",
"Japan_Shikoku Region_Ehime":"Ehimės prefektūra",
"Japan_Shikoku Region_Kagawa":"Kagavos prefektūra",
"Japan_Shikoku Region_Kochi":"Kočio prefektūra",
"Japan_Shikoku Region_Kyoto":"Kioto prefektūra",
"Japan_Shikoku Region_Tokushima":"Tokušimos prefektūra",
"Japan_Tohoku":"Tohoku regionas",
"Japan_Tohoku_Akita":"Akitos prefektūra",
"Japan_Tohoku_Aomori":"Aomorio prefektūra",
"Japan_Tohoku_Fukushima":"Fukušimos prefektūra",
"Japan_Tohoku_Iwate":"Ivatės prefektūra",
"Japan_Tohoku_Miyagi":"Mijagio prefektūra",
"Japan_Tohoku_Yamagata":"Jamagatos prefektūra",
"Macedonia":"Šiaurės Makedonija",
"Massachusetts":"Masačusetsas",
"Mexico_Central_West":"Najaritas",
"Mexico_East":"Meksika – rytinė",
"Mexico_Mexico":"Meksikas",
"Mexico_North":"Meksika – šiaurinė",
"Mexico_South":"Meksika – pietinė",
"Michigan":"Mičiganas",
"Morocco_Rabat-Sale-Zemmour-Zaer":"Rabatas–Salė–Zemūras–Zaeras",
"Morocco_Southern":"Marokas – pietinis",
"Nagorno-Karabakh":"Kalnų Karabachas",
"Nepal_East":"Nepalas – rytinis",
"Nepal_West":"Nepalas – vakarinis",
"Netherlands_Gelderland_Nijmegen":"Gelderlandas – Neimegenas",
"Netherlands_Gelderland_North":"Gelderlandas – Apeldornas",
"Netherlands_Gelderland_Zutphen":"Gelderlandas – Ziutfenas",
"Netherlands_North Brabant_Eindhoven":"Šiaurės Brabantas – Eindhovenas",
"Netherlands_North Brabant_Roosendaal":"Šiaurės Brabantas – Rozendalis",
"Netherlands_North Brabant_Tiburg":"Šiaurės Brabantas – Tilburgas",
"Netherlands_North Brabant_Uden":"Šiaurės Brabantas – Udenas",
"Netherlands_North Holland_Alkmaar":"Šiaurės Olandija – Alkmaras",
"Netherlands_North Holland_Amsterdam":"Šiaurės Olandija – Amsterdamas",
"Netherlands_North Holland_Zaandam":"Šiaurės Olandija – Zanstadas",
"Netherlands_Overijssel_Enschede":"Overeiselis – Enschedė",
"Netherlands_Overijssel_Zwolle":"Overeiselis – Zvolė",
"Netherlands_South Holland_Brielle":"Pietų Olandija – Brilė",
"Netherlands_South Holland_Den Haag":"Pietų Olandija – Haga",
"Netherlands_South Holland_Leiden":"Pietų Olandija – Leidenas",
"Netherlands_South Holland_Rotterdam":"Pietų Olandija – Roterdamas",
"Netherlands_Utrecht_Amersfoort":"Utrechtas – Amersfortas",
"Netherlands_Utrecht_Utrecht":"Utrechtas – Utrechtas",
"New Jersey":"Naujasis Džersis",
"New Zealand North_Auckland":"Šiaurė – Oklandas",
"New Zealand North_Wellington":"Šiaurė – Velingtonas",
"New Zealand South_Canterbury":"Pietūs – Kenterberio regionas",
"New Zealand South_Southland":"Pietūs – Sautlando regionas",
"North Carolina":"Šiaurės Karolina",
"North Dakota":"Šiaurės Dakota",
"Norway_Hedmark":"Hedmarkas",
"Norway_Jan Mayen":"Janas Majenas",
"Norway_Central":"Oslas",
"Norway_Oppland":"Oplanas",
"Norway_Svalbard":"Svalbardas",
"Norway_Northern":"Šiaurinė Norvegija",
"Norway_Southern":"Pietinė Norvegija",
"Ohio":"Ohajas",
"Oklahoma":"Oklahoma",
"Oregon":"Oregonas",
"Philippines_Mindanao":"Mindanao",
"Norway_Trondelag":"Triondelagas",
"Norway_Western":"Vakarinė Norvegija",
"Palestine":"Palestina",
"Palestine Region":"Palestina",
"Pennsylvania":"Pensilvanija",
"Peru_North":"Peru – šiaurinė",
"Peru_South":"Peru – pietinė",
"Philippines_Luzon_Manila":"Manila ir apylinkės",
"Philippines_Luzon_North":"Lusonas – šiaurinis",
"Philippines_Luzon_South":"Lusonas – pietinis",
"Philippines_Visayas":"Visajai",
"Poland_Greater Poland Voivodeship":"Didžiosios Lenkijos vaivadija",
"Poland_Kuyavian-Pomeranian Voivodeship":"Kujavijos Pamario vaivadija",
"Poland_Lesser Poland Voivodeship":"Mažosios Lenkijos vaivadija",
"Poland_Lodz Voivodeship":"Lodzės vaivadija",
"Poland_Lower Silesian Voivodeship":"Žemutinės Silezijos vaivadija",
"Poland_Lublin Voivodeship":"Liublino vaivadija",
"Poland_Lubusz Voivodeship":"Liubušo vaivadija",
"Poland_Masovian Voivodeship":"Mazovijos vaivadija",
"Poland_Opole Voivodeship":"Opolės vaivadija",
"Poland_Podlaskie Voivodeship":"Palenkės vaivadija",
"Poland_Pomeranian Voivodeship":"Pamario vaivadija",
"Poland_Silesian Voivodeship":"Silezijos vaivadija",
"Poland_Subcarpathian Voivodeship":"Pakarpatės vaivadija",
"Republic of Kosovo":"Kosovas",
"Poland_Swietokrzyskie Voivodeship":"Švento Kryžiaus vaivadija",
"Poland_Warmian-Masurian Voivodeship":"Varmijos Mozūrų vaivadija",
"Poland_West Pomeranian Voivodeship":"Vakarų Pamario vaivadija",
"Portugal_North":"Portugalija – šiaurinė",
"Portugal_South":"Portugalija – pietinė",
"Romania_Centre":"Centrinė",
"Romania_North_East":"Šiaurės rytų",
"Romania_North_West":"Šiaurės vakarų",
"Romania_South":"Pietų",
"Romania_South_East":"Pietryčių",
"Romania_South_West":"Pietvakarių",
"Romania_West":"Vakarų",
"Russia_Moscow":"Maskva",
"Russia_Altai Krai":"Altajaus kraštas",
"Russia_Altai Republic":"Altajaus Respublika",
"Russia_Amur Oblast":"Amūro sritis",
"Russia_Arkhangelsk Oblast_Central":"Archangelsko sritis – centrinė",
"Russia_Arkhangelsk Oblast_North":"Archangelsko sritis – šiaurinė",
"Russia_Astrakhan Oblast":"Astrachanės sritis",
"Russia_Bashkortostan":"Baškortostanas",
"Russia_Belgorod Oblast":"Belgorodo sritis",
"Russia_Bryansk Oblast":"Briansko sritis",
"Russia_Buryatia":"Buriatija",
"Russia_Chechen Republic":"Čečėnija",
"Russia_Chelyabinsk Oblast":"Čeliabinsko sritis",
"Russia_Chukotka Autonomous Okrug":"Čiukčių autonominė apygarda",
"Russia_Chuvashia":"Čiuvašija",
"Russia_Ingushetia":"Ingušija",
"Russia_Irkutsk Oblast":"Irkutsko sritis",
"Russia_Ivanovo Oblast":"Ivanovo sritis",
"Russia_Jewish Autonomous Oblast":"Žydų autonominė sritis",
"Russia_Kabardino-Balkaria":"Kabarda-Balkarija",
"Russia_Kaliningrad Oblast":"Kaliningrado sritis",
"Russia_Kaluga Oblast":"Kalugos sritis",
"Russia_Kamchatka Krai":"Kamčiatkos kraštas",
"Russia_Karachay-Cherkessia":"Karačiajų Čerkesija",
"Russia_Kemerov Oblast":"Kemerovo sritis",
"Russia_Khabarovsk Krai":"Chabarovsko kraštas",
"Russia_Khakassia":"Chakasija",
"Russia_Kirov Oblast":"Kirovo sritis",
"Russia_Komi Republic":"Komija",
"Russia_Kostroma Oblast":"Kostromos sritis",
"Russia_Krasnodar Krai":"Krasnodaro kraštas – šiaurinis",
"Russia_Krasnodar Krai_Adygeya":"Krasnodaro kraštas, Adygėja",
"Russia_Krasnoyarsk Krai":"Krasnojarsko kraštas",
"Russia_Kurgan Oblast":"Kurgano sritis",
"Russia_Kursk Oblast":"Kursko sritis",
"Russia_Leningradskaya Oblast_Karelsky":"Leningrado sritis – šiaurinė",
"Russia_Leningradskaya Oblast_Southeast":"Leningrado sritis – pietinė",
"Russia_Lipetsk Oblast":"Lipecko sritis",
"Russia_Magadan Oblast":"Magadano sritis",
"Russia_Mari El":"Marija",
"Russia_Moscow Oblast":"Maskvos sritis",
"Russia_Murmansk Oblast":"Murmansko sritis",
"Russia_Nenets Autonomous Okrug":"Nencų autonominė apygarda",
"Russia_Nizhny Novgorod Oblast":"Žemutinio Naugardo sritis",
"Spain_Cantabria":"Kantabrija",
"Spain_Andalusia":"Andalūzija",
"South Africa_Gauteng":"Gautengas",
"South Africa_KwaZulu-Natal":"Kvazulu Natalis",
"South Africa_Free State":"Laisvoji Valstybė",
"South Africa_Limpopo":"Limpopas",
"South Africa_Mpumalanga":"Mpumalanga",
"South Africa_Eastern Cape":"Rytų Kyšulys",
"South Africa_Northern Cape":"Šiaurės Kyšulys",
"South Africa_North West":"Šiaurės Vakarai",
"South Africa_Western Cape":"Vakarų Kyšulys",
"Russia_North Ossetia-Alania":"Šiaurės Osetija",
"Russia_Novgorod Oblast":"Naugardo sritis",
"Russia_Novosibirsk Oblast":"Novosibirsko sritis",
"Russia_Omsk Oblast":"Omsko sritis",
"Russia_Orenburg Oblast":"Orenburgo sritis",
"Russia_Oryol Oblast":"Oriolo sritis",
"Russia_Penza Oblast":"Penzos sritis",
"Russia_Perm Krai":"Permės sritis",
"Russia_Primorsky Krai":"Primorsko sritis",
"Russia_Pskov Oblast":"Pskovo sritis",
"Russia_Republic of Dagestan":"Dagestanas",
"Russia_Republic of Kalmykia":"Kalmukija",
"Russia_Republic of Karelia":"Karelija",
"Russia_Republic of Mordovia":"Mordvija",
"Russia_Rostov Oblast":"Rostovo sritis",
"Russia_Ryazan Oblast":"Riazanės sritis",
"Russia_Saint Petersburg":"Sankt Peterburgas",
"Russia_Sakha Republic":"Sacha",
"Russia_Sakhalin Oblast":"Sachalino sritis",
"Russia_Samara Oblast":"Samaros sritis",
"Russia_Saratov Oblast":"Saratovo sritis",
"Russia_Smolensk Oblast":"Smolensko sritis",
"Russia_Stavropol Krai":"Stavropolio kraštas",
"Russia_Sverdlovsk Oblast":"Sverdlovsko sritis",
"Russia_Tambov Oblast":"Tambovo sritis",
"Russia_Tatarstan":"Tatarstanas",
"Russia_Tomsk Oblast":"Tomsko sritis",
"Russia_Tula Oblast":"Tulos sritis",
"Russia_Tuva":"Tuva",
"Russia_Tver Oblast":"Tverės sritis",
"Russia_Tyumen Oblast":"Tiumenės sritis",
"Russia_Udmurt Republic":"Udmurtija",
"Russia_Ulyanovsk Oblast":"Uljanovsko sritis",
"Russia_Vladimir Oblast":"Vladimiro sritis",
"Russia_Volgograd Oblast":"Volgogrado sritis",
"Russia_Vologda Oblast":"Vologdos sritis",
"Russia_Voronezh Oblast":"Voronežo sritis",
"Russia_Yamalo-Nenets Autonomous Okrug":"Jamalo nencų autonominė apygarda",
"Russia_Yaroslavl Oblast":"Jaroslavlio sritis",
"Russia_Yugra":"Chantų-mansių autonominė apygarda",
"Russia_Zabaykalsky Krai":"Užbaikalės kraštas",
"Sahrawi Arab Democratic Republic":"Sacharos Arabų Demokratinė Respublika",
"Saint Martin":"Sen Martenas",
"Sao Tome and Principe":"San Tomė ir Prinsipė",
"Slovakia_Region of Banska Bystrica":"Banskos Bistricos kraštas",
"Slovakia_Region of Bratislava":"Bratislavos kraštas",
"Slovakia_Region of Kosice":"Košicės kraštas",
"Slovakia_Region of Nitra":"Nitros kraštas",
"Slovakia_Region of Presov":"Prešovo kraštas",
"Slovakia_Region of Trencin":"Trenčyno kraštas",
"Slovakia_Region of Trnava":"Trnavos kraštas",
"Slovakia_Region of Zilina":"Žilinos kraštas",
"South Carolina":"Pietų Karolina",
"South Korea":"Pietų Korėja",
"South Korea_North":"Pietų Korėja – šiaurinė",
"South Korea_South":"Pietų Korėja – pietinė",
"South Ossetia":"Pietų Osetija",
"Spain_Aragon":"Aragonas",
"Spain_Balearic Islands":"Balearų salos",
"Spain_Basque Country":"Baskija",
"Spain_Canary Islands":"Kanarų salos",
"Spain_Castile and Leon":"Kastilija ir Leonas",
"Spain_Castile-La Mancha":"Kastilija-La Manča",
"Spain_Catalonia_Provincia de Barcelona":"Katalonija – Barselonos provincija",
"Spain_Catalonia_Provincia de Girona":"Katalonija – Cheronos provincija",
"Spain_Catalonia_Provincia de Lleida":"Katalonija – Leridos provincija",
"Spain_Catalonia_Provincia de Tarragona":"Katalonija – Taragonos provincija",
"Spain_Ceuta":"Seuta",
"Spain_Principado de Asturias":"Asturija",
"Spain_La Rioja":"La Riocha",
"Spain_Comunidad Foral de Navarra":"Navara",
"Spain_Community of Madrid":"Madrido regionas",
"Spain_Melilla":"Melilja",
"Spain_Region de Murcia":"Mursijos regionas",
"Spain_Valencian Community":"Valensijos regionas",
"Swaziland":"Svazilandas",
"Sweden_Bergslagen":"Bergslagenas",
"Sweden_Malardalen":"Sostinės regionas",
"Sweden_Mellannorrland":"Melanorlandas",
"Sweden_Norra Sverige":"Šiaurinė Švedija",
"Sweden_Ostra Gotaland":"Ostra Jotalandas",
"Sweden_Sodra Gotaland":"Sodra Jotalandas",
"Sweden_Vastra Gotaland":"Vestra Jotalandas",
"Switzerland_Ticino":"Tičinas",
"Texas":"Teksasas",
"Tennessee":"Tenesis",
"Tanzania":"Tanzanija",
"Syria":"Sirija",
"Switzerland_Zurich":"Ciurichas"
}
